keyword,frequency
먼지,21
황사,21
미세,19
미세먼지,19
농도,4
레,3
마스크,3
미,3
1,3
출처,3
봄,3
8,2
5,2
자원,2
자원봉사,2
봉사,2
신천지,2
신천지자원봉사단,2
봉사단,2
사회,2
사회공헌,2
공헌,2
자원봉사활동,2
활동,2
네이버,2
카페,2
세상,2
빛,2
연어,2
티,2
제거,2
4,2
아침,1
어제,1
날씨,1
알,1
알레,1
증상,1
사람,1
황사마스크,1
조심,1
서울,1
서울날씨19,1
19,1
다,1
분,1
필수,1
중국,1
1212,1
건강,1
날,1
기름기,1
레티놀이,1
놀이,1
성분,1
기관지,1
침투,1
효과,1
2,1
3,1
6,1
뭐,1
때,0
용도별,0
행주,0
세차,0
초미세,0
초미세먼지,0
세차용품,0
용품,0
걸레,0
일산화,0
일산화탄소,0
탄소,0
경고,0
다음,0
다음뉴스,0
뉴스,0
비도,0
차단,0
햇빛,0
곳,0
국유지,0
전국민,0
이불,0
이불빨래후햇빛,0
빨래,0
후,0
말림,0
장려,0
거,0
0829,0
우리,0
몸,0
영향,0
먼지마,0
마,0
유입,0
짓거리,0
86,0
사계절,0
중,0
근,0
근디,0
디,0
이젠,0
니야,0
황,0
사,0
봄철,0
집이,0
운동장,0
줄,0
02,0
이유,0
위,0
면,0
부직포,0
232,0
서대문,0
서대문문화체육회관,0
문화,0
체육,0
회관,0
서,0
피부,0
7,0
7가지,0
가지,0
녹색,0
채소,0
비타민,0
참치,0
오메가,0
오메가3,0
육류,0
연,0
딸기,0
항산,0
견과,0
요거트,0
프로,0
프로바이오틱스,0
바이오,0
틱스,0
고구마,0
당근,0
캐로,0
캐로티,0
이드,0
가을,0
청순,0
청순열매,0
열매,0
00,0
0,0
0092,0
100,0
개,0
이성,0
이성경,0
경,0
두피,0
잠금,0
장치,0
0094,0
언니,0
때문,0
신경,0
영상,0
끝,0
정독,0
마지막,0
머리,0
넘,0
넘김,0
김,0
실화,0
0080,0
건조,0
살벌,0
봄나들이,0
나들이,0
필수템,0
템,0
47,0
도움,0
공기,0
공기청정기,0
청정기,0
정보,0
해외,0
해외정보,0
로그,0
ㅇ,0
어장,0
해결책,0
에어컨,0
하나,0
방법,0
